,index,Solver,CompileCluster,RefineCluster,Binary,Width,RealGap,MergeQuality,Problem,Conditions,Label
1,1,top-down,false,X,X,20,0.1321593599318248,0.0,talentsched,Gewoon,top-down-->Gewoon
3,1,top-down,false,X,X,100,0.11358004993361129,0.0,talentsched,Gewoon,top-down-->Gewoon
5,1,top-down,false,X,X,50,0.12414466317994662,0.0,talentsched,Gewoon,top-down-->Gewoon
7,1,top-down,true,X,X,20,0.13361836135728944,50.762882352941176,talentsched,Cluster,top-down-->Cluster
9,1,top-down,true,X,X,100,0.13149859453164026,79.27435294117647,talentsched,Cluster,top-down-->Cluster
11,1,top-down,true,X,X,50,0.13255847794446482,64.75805882352941,talentsched,Cluster,top-down-->Cluster
13,1,top-down,false,X,X,20,0.35063087419330013,0.0,srflp,Gewoon,top-down-->Gewoon
15,1,top-down,false,X,X,100,0.2398794299096834,0.0,srflp,Gewoon,top-down-->Gewoon
17,1,top-down,false,X,X,50,0.2828127763195405,0.0,srflp,Gewoon,top-down-->Gewoon
19,1,top-down,true,X,X,20,0.4273257257893033,23.675470588235296,srflp,Cluster,top-down-->Cluster
21,1,top-down,true,X,X,100,0.2845333623771492,8.005058823529412,srflp,Cluster,top-down-->Cluster
23,1,top-down,true,X,X,50,0.33909806990039115,13.151294117647058,srflp,Cluster,top-down-->Cluster
25,1,top-down,false,X,X,20,0.37195014967736995,0.03845098039215686,tsptw,Gewoon,top-down-->Gewoon
27,1,top-down,false,X,X,100,0.22737790384332052,0.002173913043478261,tsptw,Gewoon,top-down-->Gewoon
29,1,top-down,false,X,X,50,0.2856857795596738,0.007510204081632653,tsptw,Gewoon,top-down-->Gewoon
31,1,top-down,true,X,X,20,0.06421962532319121,1164470.1071764706,tsptw,Cluster,top-down-->Cluster
33,1,top-down,true,X,X,100,0.05825805052391688,59890.05239215686,tsptw,Cluster,top-down-->Cluster
35,1,top-down,true,X,X,50,0.05977418327113064,258877.30694117644,tsptw,Cluster,top-down-->Cluster
37,1,top-down,false,X,X,20,0.5376634250847233,0.025484375,misp,Gewoon,top-down-->Gewoon
39,1,top-down,false,X,X,100,0.40239624810305663,0.004359375,misp,Gewoon,top-down-->Gewoon
41,1,top-down,false,X,X,50,0.45832850490885146,0.0086875,misp,Gewoon,top-down-->Gewoon
43,1,top-down,true,X,X,20,0.45512774349728324,1.3669375,misp,Cluster,top-down-->Cluster
45,1,top-down,true,X,X,100,0.4038484236916408,3.263796875,misp,Cluster,top-down-->Cluster
47,1,top-down,true,X,X,50,0.4365165804508747,2.521046875,misp,Cluster,top-down-->Cluster
51,1,top-down,false,X,X,100,0.45332056021071376,0.005486486486486487,sop,Gewoon,top-down-->Gewoon
53,1,top-down,false,X,X,50,0.5701385511362722,0.015486486486486485,sop,Gewoon,top-down-->Gewoon
55,1,top-down,true,X,X,20,0.9609665833947059,609.45,sop,Cluster,top-down-->Cluster
57,1,top-down,true,X,X,100,0.9068437211120641,1671.0864594594595,sop,Cluster,top-down-->Cluster
59,1,top-down,true,X,X,50,0.9289318956160476,1675.0294594594593,sop,Cluster,top-down-->Cluster
67,1,top-down,true,X,X,20,0.460144793901979,27.968,mcp,Cluster,top-down-->Cluster
69,1,top-down,true,X,X,100,0.46474283706648095,56.391333333333336,mcp,Cluster,top-down-->Cluster
71,1,top-down,true,X,X,50,0.46606302055872845,39.52458333333333,mcp,Cluster,top-down-->Cluster
73,1,top-down,false,X,X,20,0.3154083437541898,0.022600000000000002,knapsack,Gewoon,top-down-->Gewoon
75,1,top-down,false,X,X,100,0.33137125672751216,0.0033333333333333335,knapsack,Gewoon,top-down-->Gewoon
77,1,top-down,false,X,X,50,0.32280280641059717,0.008518518518518517,knapsack,Gewoon,top-down-->Gewoon
79,1,top-down,true,X,X,20,0.18248633678717446,234.45833333333334,knapsack,Cluster,top-down-->Cluster
81,1,top-down,true,X,X,100,0.06419651398551049,118.02,knapsack,Cluster,top-down-->Cluster
83,1,top-down,true,X,X,50,0.11218993105453622,162.48113333333333,knapsack,Cluster,top-down-->Cluster
85,1,top-down,false,X,X,20,0.0012522528265298063,0.02252,max2sat,Gewoon,top-down-->Gewoon
87,1,top-down,false,X,X,100,0.0012377185710618485,0.00456,max2sat,Gewoon,top-down-->Gewoon
89,1,top-down,false,X,X,50,0.0012389064977571824,0.0092,max2sat,Gewoon,top-down-->Gewoon
91,1,top-down,true,X,X,20,0.0004371422118259959,6180.200720000001,max2sat,Cluster,top-down-->Cluster
93,1,top-down,true,X,X,100,0.00041862409258575236,5516.24568,max2sat,Cluster,top-down-->Cluster
95,1,top-down,true,X,X,50,0.00043175517283667426,5809.330400000001,max2sat,Cluster,top-down-->Cluster
97,1,top-down,false,X,X,20,0.285291739920173,0.0002142857142857143,psp,Gewoon,top-down-->Gewoon
99,1,top-down,false,X,X,100,0.28184218275700357,0.0,psp,Gewoon,top-down-->Gewoon
101,1,top-down,false,X,X,50,0.28428370396986835,0.0,psp,Gewoon,top-down-->Gewoon
103,1,top-down,true,X,X,20,0.2857142857142857,98.37121428571429,psp,Cluster,top-down-->Cluster
105,1,top-down,true,X,X,100,0.2857142857142857,311.125,psp,Cluster,top-down-->Cluster
107,1,top-down,true,X,X,50,0.2857142857142857,160.8632142857143,psp,Cluster,top-down-->Cluster
109,1,top-down,false,X,X,20,0.5128032579469236,0.0,lcs,Gewoon,top-down-->Gewoon
111,1,top-down,false,X,X,100,0.5111988563858336,0.0,lcs,Gewoon,top-down-->Gewoon
113,1,top-down,false,X,X,50,0.5118941126905829,0.0,lcs,Gewoon,top-down-->Gewoon
115,1,top-down,true,X,X,20,0.49905378319509364,0.0,lcs,Cluster,top-down-->Cluster
117,1,top-down,true,X,X,100,0.4976714350189822,0.0,lcs,Cluster,top-down-->Cluster
119,1,top-down,true,X,X,50,0.498280910908479,0.0,lcs,Cluster,top-down-->Cluster
